timestamp_iso8601,timestamp_epoch_ms,remote_ip,remote_port,payload
2025-10-24T08:54:38.141Z,1761296078141,10.0.0.191,3132,"344449,52841,4,EM,1,100,RS,RE,PS,MN
"
2025-10-24T08:54:38.149Z,1761296078149,10.0.0.191,3132,"344449,52841,4,EM,1,100,RS,RE,PS,MN
344458,52842,3,PI,1,100,6381,6387,6372
344458,52843,3,PR,1,100,7278,7278,7276
344458,52844,3,PG,1,100,1052,1062,1032
344430,52845,1,EA,1,100,0.030305
344430,52846,1,EL,1,100,26437.599609
344471,52847,3,AX,1,100,0.094,0.097,0.096
344471,52848,3,AY,1,100,-0.012,-0.012,-0.012
344471,52849,3,AZ,1,100,1.029,1.024,1.026
344471,52850,3,GX,1,100,0.458,0.488,0.427
344471,52851,3,GY,1,100,0.641,0.671,0.641
344471,52852,3,GZ,1,100,0.305,0.336,0.336
344471,52853,3,MX,1,100,-9,-8,-9
"
2025-10-24T08:54:38.151Z,1761296078151,10.0.0.191,3132,"344471,52854,3,MY,1,100,-17,-18,-17
344471,52855,3,MZ,1,100,115,116,117
"
2025-10-24T08:54:38.254Z,1761296078254,10.0.0.191,3132,"344564,52856,1,SF,1,100,0.0000
344578,52857,3,PI,1,100,6396,6391,6373
344578,52858,3,PR,1,100,7275,7280,7268
344578,52859,3,PG,1,100,1048,1036,1042
344564,52860,2,EA,1,100,0.030305,0.030306
344564,52861,2,EL,1,100,26437.800781,26437.199219
344490,52862,1,T1,1,100,31.985
344505,52863,1,TH,1,100,30.142
344551,52864,2,AX,1,100,0.097,0.096
344551,52865,2,AY,1,100,-0.013,-0.013
344551,52866,2,AZ,1,100,1.028,1.026
344551,52867,2,GX,1,100,0.458,0.488
344551,52868,2,GY,1,100,0.671,0.671
"
2025-10-24T08:54:38.255Z,1761296078255,10.0.0.191,3132,"344551,52869,2,GZ,1,100,0.305,0.336
344551,52870,2,MX,1,100,-9,-9
344551,52871,2,MY,1,100,-17,-18
344551,52872,2,MZ,1,100,115,116
"
2025-10-24T08:54:38.309Z,1761296078309,10.0.0.191,3132,"344650,52873,4,EM,1,100,RS,RE,PS,MN
"
2025-10-24T08:54:38.411Z,1761296078411,10.0.0.191,3132,"344650,52873,4,EM,1,100,RS,RE,PS,MN
344658,52874,2,PI,1,100,6392,6393
344658,52875,2,PR,1,100,7302,7290
344658,52876,2,PG,1,100,1035,1049
344630,52877,1,EA,1,100,0.030305
344630,52878,1,EL,1,100,26437.800781
344623,52879,1,T1,1,100,32.029
344638,52880,1,TH,1,100,30.142
344671,52881,3,AX,1,100,0.095,0.094,0.096
344671,52882,3,AY,1,100,-0.012,-0.012,-0.012
344671,52883,3,AZ,1,100,1.026,1.026,1.026
344671,52884,3,GX,1,100,0.427,0.488,0.427
344671,52885,3,GY,1,100,0.641,0.671,0.671
"
2025-10-24T08:54:38.413Z,1761296078413,10.0.0.191,3132,"344671,52886,3,GZ,1,100,0.336,0.305,0.336
344671,52887,3,MX,1,100,-9,-9,-9
344671,52888,3,MY,1,100,-18,-17,-17
344671,52889,3,MZ,1,100,117,117,116
"
2025-10-24T08:54:38.452Z,1761296078452,10.0.0.191,3132,"344778,52890,3,PI,1,100,6388,6390,6386
344778,52891,3,PR,1,100,7277,7282,7274
344778,52892,3,PG,1,100,1034,1035,1031
344764,52893,2,EA,1,100,0.030305,0.030305
344764,52894,2,EL,1,100,26438.000000,26437.800781
344757,52895,1,T1,1,100,32.048
344772,52896,1,TH,1,100,30.120
344764,52897,2,AX,1,100,0.095,0.097
344764,52898,2,AY,1,100,-0.012,-0.012
344764,52899,2,AZ,1,100,1.025,1.027
344764,52900,2,GX,1,100,0.427,0.458
344764,52901,2,GY,1,100,0.641,0.671
344764,52902,2,GZ,1,100,0.305,0.305
"
2025-10-24T08:54:38.454Z,1761296078454,10.0.0.191,3132,"344764,52903,2,MX,1,100,-9,-9
344764,52904,2,MY,1,100,-17,-16
344764,52905,2,MZ,1,100,116,116
"
2025-10-24T08:54:38.553Z,1761296078553,10.0.0.191,3132,"344851,52906,4,EM,1,100,RS,RE,PS,MN
"
2025-10-24T08:54:38.555Z,1761296078555,10.0.0.191,3132,"344851,52906,4,EM,1,100,RS,RE,PS,MN
344830,52907,1,SF,1,100,0.0000
344858,52908,2,PI,1,100,6389,6395
344858,52909,2,PR,1,100,7286,7278
344858,52910,2,PG,1,100,1020,1049
344830,52911,1,EA,1,100,0.030305
344830,52912,1,EL,1,100,26438.000000
344844,52913,2,AX,1,100,0.095,0.094
344844,52914,2,AY,1,100,-0.013,-0.014
344844,52915,2,AZ,1,100,1.028,1.027
344844,52916,2,GX,1,100,0.488,0.488
344844,52917,2,GY,1,100,0.610,0.641
344844,52918,2,GZ,1,100,0.366,0.336
344844,52919,2,MX,1,100,-9,-9
"
2025-10-24T08:54:38.560Z,1761296078560,10.0.0.191,3132,"344844,52920,2,MY,1,100,-18,-17
344844,52921,2,MZ,1,100,115,117
"
2025-10-24T08:54:38.759Z,1761296078759,10.0.0.191,3132,"344978,52922,3,PI,1,100,6379,6376,6405
344978,52923,3,PR,1,100,7282,7289,7277
344978,52924,3,PG,1,100,1035,1050,1048
344963,52925,2,EA,1,100,0.030305,0.030305
344963,52926,2,EL,1,100,26438.000000,26438.000000
344890,52927,1,T1,1,100,31.950
344905,52928,1,TH,1,100,30.120
344964,52929,3,AX,1,100,0.096,0.097,0.097
344964,52930,3,AY,1,100,-0.014,-0.012,-0.014
344964,52931,3,AZ,1,100,1.028,1.027,1.026
344964,52932,3,GX,1,100,0.427,0.458,0.519
344964,52933,3,GY,1,100,0.671,0.702,0.671
"
2025-10-24T08:54:38.760Z,1761296078760,10.0.0.191,3132,"344964,52934,3,GZ,1,100,0.336,0.305,0.336
344964,52935,3,MX,1,100,-9,-8,-9
344964,52936,3,MY,1,100,-17,-18,-17
344964,52937,3,MZ,1,100,118,116,116
"
2025-10-24T08:54:38.760Z,1761296078760,10.0.0.191,3132,"345052,52938,4,EM,1,100,RS,RE,PS,MN
"
2025-10-24T08:54:38.760Z,1761296078760,10.0.0.191,3132,"345052,52938,4,EM,1,100,RS,RE,PS,MN
345058,52939,2,PI,1,100,6380,6392
345058,52940,2,PR,1,100,7276,7282
345058,52941,2,PG,1,100,1039,1035
345030,52942,1,EA,1,100,0.030305
345030,52943,1,EL,1,100,26438.000000
345023,52944,1,T1,1,100,32.014
345038,52945,1,TH,1,100,30.221
345084,52946,3,AX,1,100,0.096,0.097,0.095
345084,52947,3,AY,1,100,-0.013,-0.014,-0.013
345084,52948,3,AZ,1,100,1.027,1.024,1.027
345084,52949,3,GX,1,100,0.458,0.427,0.488
345084,52950,3,GY,1,100,0.671,0.641,0.671
"
2025-10-24T08:54:38.761Z,1761296078761,10.0.0.191,3132,"345084,52951,3,GZ,1,100,0.305,0.336,0.305
345084,52952,3,MX,1,100,-9,-9,-10
345084,52953,3,MY,1,100,-17,-17,-17
345084,52954,3,MZ,1,100,117,115,116
"
2025-10-24T08:54:38.963Z,1761296078963,10.0.0.191,3132,"345163,52955,1,SF,1,100,0.0000
345178,52956,3,PI,1,100,6382,6391,6388
345178,52957,3,PR,1,100,7293,7280,7287
345178,52958,3,PG,1,100,1050,1039,1055
345163,52959,2,EA,1,100,0.030305,0.030305
345163,52960,2,EL,1,100,26438.000000,26438.000000
345157,52961,1,T1,1,100,32.112
345171,52962,1,TH,1,100,30.221
345164,52963,2,AX,1,100,0.094,0.096
345164,52964,2,AY,1,100,-0.011,-0.013
345164,52965,2,AZ,1,100,1.025,1.025
345164,52966,2,GX,1,100,0.427,0.427
345164,52967,2,GY,1,100,0.671,0.671
"
2025-10-24T08:54:38.964Z,1761296078964,10.0.0.191,3132,"345164,52968,2,GZ,1,100,0.305,0.336
345164,52969,2,MX,1,100,-9,-9
345164,52970,2,MY,1,100,-16,-16
345164,52971,2,MZ,1,100,116,116
345129,52972,1,BV,1,100,3.51
345129,52973,1,B%,1,100,16
"
2025-10-24T08:54:38.964Z,1761296078964,10.0.0.191,3132,"345253,52974,4,EM,1,100,RS,RE,PS,MN
"
2025-10-24T08:54:38.983Z,1761296078983,10.0.0.191,3132,"345253,52974,4,EM,1,100,RS,RE,PS,MN
345258,52975,2,PI,1,100,6380,6384
345258,52976,2,PR,1,100,7268,7289
345258,52977,2,PG,1,100,1039,1050
345230,52978,1,EA,1,100,0.030305
345230,52979,1,EL,1,100,26438.000000
345284,52980,3,AX,1,100,0.094,0.095,0.094
345284,52981,3,AY,1,100,-0.013,-0.011,-0.010
345284,52982,3,AZ,1,100,1.026,1.026,1.026
345284,52983,3,GX,1,100,0.488,0.458,0.458
345284,52984,3,GY,1,100,0.641,0.671,0.671
345284,52985,3,GZ,1,100,0.305,0.336,0.305
345284,52986,3,MX,1,100,-8,-9,-9
"
2025-10-24T08:54:38.984Z,1761296078984,10.0.0.191,3132,"345284,52987,3,MY,1,100,-16,-17,-18
345284,52988,3,MZ,1,100,117,115,116
"
2025-10-24T08:54:39.082Z,1761296079082,10.0.0.191,3132,"345378,52989,3,PI,1,100,6396,6378,6388
345378,52990,3,PR,1,100,7279,7270,7284
345378,52991,3,PG,1,100,1052,1037,1047
345363,52992,2,EA,1,100,0.030305,0.030305
345363,52993,2,EL,1,100,26438.199219,26438.199219
345290,52994,1,T1,1,100,31.978
345305,52995,1,TH,1,100,30.243
345364,52996,2,AX,1,100,0.097,0.094
345364,52997,2,AY,1,100,-0.014,-0.012
345364,52998,2,AZ,1,100,1.024,1.028
345364,52999,2,GX,1,100,0.458,0.488
345364,53000,2,GY,1,100,0.671,0.641
345364,53001,2,GZ,1,100,0.275,0.275
"
2025-10-24T08:54:39.084Z,1761296079084,10.0.0.191,3132,"345364,53002,2,MX,1,100,-10,-9
345364,53003,2,MY,1,100,-18,-18
345364,53004,2,MZ,1,100,117,116
"
2025-10-24T08:54:39.112Z,1761296079112,10.0.0.191,3132,"345454,53005,4,EM,1,100,RS,RE,PS,MN
"
2025-10-24T08:54:39.216Z,1761296079216,10.0.0.191,3132,"345454,53005,4,EM,1,100,RS,RE,PS,MN
345458,53006,2,PI,1,100,6401,6385
345458,53007,2,PR,1,100,7289,7270
345458,53008,2,PG,1,100,1038,1047
345430,53009,1,EA,1,100,0.030305
345430,53010,1,EL,1,100,26438.199219
345423,53011,1,T1,1,100,31.990
345438,53012,1,TH,1,100,30.251
345484,53013,3,AX,1,100,0.096,0.096,0.096
345484,53014,3,AY,1,100,-0.014,-0.013,-0.011
345484,53015,3,AZ,1,100,1.026,1.023,1.027
345484,53016,3,GX,1,100,0.488,0.458,0.427
345484,53017,3,GY,1,100,0.671,0.702,0.702
"
2025-10-24T08:54:39.217Z,1761296079217,10.0.0.191,3132,"345484,53018,3,GZ,1,100,0.366,0.305,0.305
345484,53019,3,MX,1,100,-9,-9,-9
345484,53020,3,MY,1,100,-17,-18,-17
345484,53021,3,MZ,1,100,116,116,118
"
2025-10-24T08:54:39.265Z,1761296079265,10.0.0.191,3132,"345563,53022,1,SF,1,100,0.0000
345591,53023,3,PI,1,100,6390,6383,6396
345591,53024,3,PR,1,100,7272,7278,7289
345591,53025,3,PG,1,100,1034,1048,1051
345563,53026,2,EA,1,100,0.030305,0.030305
345563,53027,2,EL,1,100,26438.199219,26438.199219
345557,53028,1,T1,1,100,31.925
345571,53029,1,TH,1,100,30.198
345577,53030,2,AX,1,100,0.095,0.094
345577,53031,2,AY,1,100,-0.011,-0.013
345577,53032,2,AZ,1,100,1.028,1.027
345577,53033,2,GX,1,100,0.488,0.427
345577,53034,2,GY,1,100,0.671,0.671
"
2025-10-24T08:54:39.271Z,1761296079271,10.0.0.191,3132,"345577,53035,2,GZ,1,100,0.305,0.305
345577,53036,2,MX,1,100,-9,-8
345577,53037,2,MY,1,100,-17,-17
345577,53038,2,MZ,1,100,115,116
"
2025-10-24T08:54:39.316Z,1761296079316,10.0.0.191,3132,"345655,53039,4,EM,1,100,RS,RE,PS,MN
"
2025-10-24T08:54:39.420Z,1761296079420,10.0.0.191,3132,"345655,53039,4,EM,1,100,RS,RE,PS,MN
345671,53040,2,PI,1,100,6382,6391
345671,53041,2,PR,1,100,7259,7295
345671,53042,2,PG,1,100,1039,1038
345630,53043,1,EA,1,100,0.030305
345630,53044,1,EL,1,100,26438.400391
345690,53045,1,T1,1,100,32.003
345658,53046,2,AX,1,100,0.094,0.096
345658,53047,2,AY,1,100,-0.014,-0.014
345658,53048,2,AZ,1,100,1.025,1.026
345658,53049,2,GX,1,100,0.519,0.488
345658,53050,2,GY,1,100,0.671,0.641
345658,53051,2,GZ,1,100,0.305,0.305
345658,53052,2,MX,1,100,-9,-9
"
2025-10-24T08:54:39.421Z,1761296079421,10.0.0.191,3132,"345658,53053,2,MY,1,100,-18,-17
345658,53054,2,MZ,1,100,116,117
"
2025-10-24T08:54:39.578Z,1761296079578,10.0.0.191,3132,"345791,53055,3,PI,1,100,6388,6389,6376
345791,53056,3,PR,1,100,7291,7283,7282
345791,53057,3,PG,1,100,1046,1047,1040
345763,53058,2,EA,1,100,0.030304,0.030305
345763,53059,2,EL,1,100,26439.000000,26438.800781
345705,53060,1,TH,1,100,30.198
345777,53061,3,AX,1,100,0.097,0.095,0.094
345777,53062,3,AY,1,100,-0.014,-0.012,-0.012
345777,53063,3,AZ,1,100,1.027,1.027,1.028
345777,53064,3,GX,1,100,0.519,0.458,0.458
345777,53065,3,GY,1,100,0.641,0.641,0.702
345777,53066,3,GZ,1,100,0.275,0.305,0.305
"
2025-10-24T08:54:39.579Z,1761296079579,10.0.0.191,3132,"345777,53067,3,MX,1,100,-9,-10,-9
345777,53068,3,MY,1,100,-18,-18,-18
345777,53069,3,MZ,1,100,116,116,115
"
2025-10-24T08:54:39.579Z,1761296079579,10.0.0.191,3132,"345859,53070,4,EM,1,100,RS,RE,PS,MN
"
2025-10-24T08:54:39.680Z,1761296079680,10.0.0.191,3132,"345859,53070,4,EM,1,100,RS,RE,PS,MN
345897,53071,1,SF,1,100,0.0000
345871,53072,2,PI,1,100,6391,6395
345871,53073,2,PR,1,100,7285,7287
345871,53074,2,PG,1,100,1034,1048
345897,53075,2,EA,1,100,0.030305,0.030304
345897,53076,2,EL,1,100,26438.800781,26439.000000
345823,53077,1,T1,1,100,32.001
345838,53078,1,TH,1,100,30.200
345897,53079,3,AX,1,100,0.096,0.096,0.096
345897,53080,3,AY,1,100,-0.014,-0.012,-0.012
345897,53081,3,AZ,1,100,1.027,1.025,1.026
345897,53082,3,GX,1,100,0.519,0.488,0.427
"
2025-10-24T08:54:39.681Z,1761296079681,10.0.0.191,3132,"345897,53083,3,GY,1,100,0.671,0.671,0.641
345897,53084,3,GZ,1,100,0.336,0.336,0.336
345897,53085,3,MX,1,100,-9,-9,-9
345897,53086,3,MY,1,100,-17,-17,-19
345897,53087,3,MZ,1,100,116,117,116
"
2025-10-24T08:54:39.703Z,1761296079703,10.0.0.191,3132,"345991,53088,3,PI,1,100,6384,6391,6388
345991,53089,3,PR,1,100,7266,7287,7275
345991,53090,3,PG,1,100,1045,1041,1039
345963,53091,1,EA,1,100,0.030305
345963,53092,1,EL,1,100,26438.599609
345957,53093,1,T1,1,100,32.071
345971,53094,1,TH,1,100,30.200
345977,53095,2,AX,1,100,0.095,0.094
345977,53096,2,AY,1,100,-0.012,-0.013
345977,53097,2,AZ,1,100,1.027,1.027
345977,53098,2,GX,1,100,0.458,0.488
345977,53099,2,GY,1,100,0.671,0.641
345977,53100,2,GZ,1,100,0.305,0.305
345977,53101,2,MX,1,100,-9,-9
"
2025-10-24T08:54:39.704Z,1761296079704,10.0.0.191,3132,"345977,53102,2,MY,1,100,-18,-17
345977,53103,2,MZ,1,100,116,116
"
2025-10-24T08:54:39.720Z,1761296079720,10.0.0.191,3132,"346060,53104,4,EM,1,100,RS,RE,PS,MN
"
2025-10-24T08:54:39.825Z,1761296079825,10.0.0.191,3132,"346060,53104,4,EM,1,100,RS,RE,PS,MN
346071,53105,2,PI,1,100,6400,6379
346071,53106,2,PR,1,100,7285,7268
346071,53107,2,PG,1,100,1050,1043
346097,53108,2,EA,1,100,0.030305,0.030304
346097,53109,2,EL,1,100,26438.599609,26439.000000
346090,53110,1,T1,1,100,31.960
346105,53111,1,TH,1,100,30.281
346097,53112,3,AX,1,100,0.095,0.096,0.096
346097,53113,3,AY,1,100,-0.013,-0.013,-0.011
346097,53114,3,AZ,1,100,1.027,1.026,1.027
346097,53115,3,GX,1,100,0.458,0.458,0.458
346097,53116,3,GY,1,100,0.702,0.702,0.671
"
2025-10-24T08:54:39.826Z,1761296079826,10.0.0.191,3132,"346097,53117,3,GZ,1,100,0.336,0.336,0.336
346097,53118,3,MX,1,100,-9,-9,-9
346097,53119,3,MY,1,100,-18,-18,-18
346097,53120,3,MZ,1,100,116,116,116
"
2025-10-24T08:54:39.997Z,1761296079997,10.0.0.191,3132,"346163,53121,1,SF,1,100,0.0000
346191,53122,3,PI,1,100,6386,6392,6391
346191,53123,3,PR,1,100,7275,7303,7277
346191,53124,3,PG,1,100,1035,1047,1038
346163,53125,1,EA,1,100,0.030304
346163,53126,1,EL,1,100,26439.000000
346177,53127,2,AX,1,100,0.096,0.094
346177,53128,2,AY,1,100,-0.012,-0.012
346177,53129,2,AZ,1,100,1.025,1.027
346177,53130,2,GX,1,100,0.458,0.488
346177,53131,2,GY,1,100,0.671,0.671
346177,53132,2,GZ,1,100,0.305,0.305
346177,53133,2,MX,1,100,-9,-9
346177,53134,2,MY,1,100,-17,-18
"
2025-10-24T08:54:39.998Z,1761296079998,10.0.0.191,3132,"346177,53135,2,MZ,1,100,116,116
"
2025-10-24T08:54:39.998Z,1761296079998,10.0.0.191,3132,"346261,53136,4,EM,1,100,RS,RE,PS,MN
"
2025-10-24T08:54:39.999Z,1761296079999,10.0.0.191,3132,"346261,53136,4,EM,1,100,RS,RE,PS,MN
346271,53137,2,PI,1,100,6380,6388
346271,53138,2,PR,1,100,7282,7274
346271,53139,2,PG,1,100,1038,1050
346297,53140,2,EA,1,100,0.030304,0.030304
346297,53141,2,EL,1,100,26439.000000,26439.000000
346223,53142,1,T1,1,100,32.018
346238,53143,1,TH,1,100,30.281
346297,53144,3,AX,1,100,0.096,0.094,0.095
346297,53145,3,AY,1,100,-0.013,-0.012,-0.011
346297,53146,3,AZ,1,100,1.025,1.029,1.028
346297,53147,3,GX,1,100,0.458,0.458,0.458
346297,53148,3,GY,1,100,0.641,0.641,0.641
"
2025-10-24T08:54:39.999Z,1761296079999,10.0.0.191,3132,"346297,53149,3,GZ,1,100,0.305,0.305,0.305
346297,53150,3,MX,1,100,-8,-9,-10
346297,53151,3,MY,1,100,-16,-18,-17
346297,53152,3,MZ,1,100,117,117,116
"
2025-10-24T08:54:40.193Z,1761296080193,10.0.0.191,3132,"346391,53153,3,PI,1,100,6385,6388,6388
346391,53154,3,PR,1,100,7278,7280,7280
346391,53155,3,PG,1,100,1050,1038,1042
346363,53156,1,EA,1,100,0.030304
346363,53157,1,EL,1,100,26439.000000
346356,53158,1,T1,1,100,32.043
346371,53159,1,TH,1,100,30.274
346377,53160,2,AX,1,100,0.096,0.096
346377,53161,2,AY,1,100,-0.012,-0.014
346377,53162,2,AZ,1,100,1.027,1.028
346377,53163,2,GX,1,100,0.427,0.397
346377,53164,2,GY,1,100,0.671,0.671
346377,53165,2,GZ,1,100,0.305,0.305
346377,53166,2,MX,1,100,-9,-9
"
2025-10-24T08:54:40.194Z,1761296080194,10.0.0.191,3132,"346377,53167,2,MY,1,100,-18,-18
346377,53168,2,MZ,1,100,116,116
"
2025-10-24T08:54:40.195Z,1761296080195,10.0.0.191,3132,"346433,53169,2,RD,1,100,TL,TU
"
2025-10-24T08:54:40.196Z,1761296080196,10.0.0.191,3132,"346535,53170,4,EM,1,100,RS,RE,PS,MN
"
2025-10-24T08:54:40.221Z,1761296080221,10.0.0.191,3132,"346433,53169,2,RD,1,100,TL,TU
346535,53170,4,EM,1,100,RS,RE,PS,MN
346497,53171,1,SF,1,100,0.0000
346511,53172,3,PI,1,100,6384,6387,6392
346511,53173,3,PR,1,100,7276,7278,7267
346511,53174,3,PG,1,100,1039,1049,1042
346497,53175,2,EA,1,100,0.030304,0.030304
346497,53176,2,EL,1,100,26439.000000,26439.000000
346490,53177,1,T1,1,100,32.054
346505,53178,1,TH,1,100,30.274
346511,53179,3,AX,1,100,0.096,0.096,0.095
346511,53180,3,AY,1,100,-0.012,-0.011,-0.012
346511,53181,3,AZ,1,100,1.026,1.025,1.028
"
2025-10-24T08:54:40.222Z,1761296080222,10.0.0.191,3132,"346511,53182,3,GX,1,100,0.488,0.458,0.488
346511,53183,3,GY,1,100,0.671,0.671,0.641
346511,53184,3,GZ,1,100,0.305,0.336,0.336
346511,53185,3,MX,1,100,-9,-10,-8
346511,53186,3,MY,1,100,-18,-17,-17
346511,53187,3,MZ,1,100,116,115,116
"
2025-10-24T08:54:40.346Z,1761296080346,10.0.0.191,3132,"346631,53188,3,PI,1,100,6372,6392,6387
346631,53189,3,PR,1,100,7267,7280,7277
346631,53190,3,PG,1,100,1036,1040,1048
346630,53191,2,EA,1,100,0.030304,0.030304
346630,53192,2,EL,1,100,26439.000000,26439.000000
346623,53193,1,T1,1,100,31.988
346638,53194,1,TH,1,100,30.223
346631,53195,3,AX,1,100,0.096,0.096,0.093
346631,53196,3,AY,1,100,-0.012,-0.012,-0.013
346631,53197,3,AZ,1,100,1.024,1.024,1.024
346631,53198,3,GX,1,100,0.488,0.458,0.458
346631,53199,3,GY,1,100,0.671,0.671,0.641
"
2025-10-24T08:54:40.347Z,1761296080347,10.0.0.191,3132,"346631,53200,3,GZ,1,100,0.305,0.305,0.366
346631,53201,3,MX,1,100,-9,-8,-9
346631,53202,3,MY,1,100,-17,-17,-16
346631,53203,3,MZ,1,100,116,116,116
"
2025-10-24T08:54:40.500Z,1761296080500,10.0.0.191,3132,"346738,53204,4,EM,1,100,RS,RE,PS,MN
"
2025-10-24T08:54:40.501Z,1761296080501,10.0.0.191,3132,"346738,53204,4,EM,1,100,RS,RE,PS,MN
346711,53205,2,PI,1,100,6389,6395
346711,53206,2,PR,1,100,7268,7291
346711,53207,2,PG,1,100,1044,1042
346697,53208,1,EA,1,100,0.030304
346697,53209,1,EL,1,100,26439.000000
346711,53210,2,AX,1,100,0.095,0.094
346711,53211,2,AY,1,100,-0.012,-0.012
346711,53212,2,AZ,1,100,1.026,1.027
346711,53213,2,GX,1,100,0.458,0.427
346711,53214,2,GY,1,100,0.641,0.671
346711,53215,2,GZ,1,100,0.366,0.305
346711,53216,2,MX,1,100,-10,-9
346711,53217,2,MY,1,100,-18,-18
"
2025-10-24T08:54:40.501Z,1761296080501,10.0.0.191,3132,"346711,53218,2,MZ,1,100,117,116
"
2025-10-24T08:54:40.519Z,1761296080519,10.0.0.191,3132,"346830,53219,1,SF,1,100,0.0000
346831,53220,3,PI,1,100,6389,6383,6356
346831,53221,3,PR,1,100,7282,7268,7286
346831,53222,3,PG,1,100,1053,1039,1041
346830,53223,2,EA,1,100,0.030304,0.030304
346830,53224,2,EL,1,100,26439.199219,26439.000000
346757,53225,1,T1,1,100,32.030
346771,53226,1,TH,1,100,30.223
346831,53227,3,AX,1,100,0.095,0.097,0.097
346831,53228,3,AY,1,100,-0.012,-0.012,-0.014
346831,53229,3,AZ,1,100,1.025,1.026,1.027
346831,53230,3,GX,1,100,0.488,0.488,0.427
"
2025-10-24T08:54:40.524Z,1761296080524,10.0.0.191,3132,"346831,53231,3,GY,1,100,0.641,0.641,0.671
346831,53232,3,GZ,1,100,0.336,0.305,0.275
346831,53233,3,MX,1,100,-9,-10,-9
346831,53234,3,MY,1,100,-17,-16,-18
346831,53235,3,MZ,1,100,116,116,116
"
2025-10-24T08:54:40.623Z,1761296080623,10.0.0.191,3132,"346939,53236,4,EM,1,100,RS,RE,PS,MN
"
2025-10-24T08:54:40.624Z,1761296080624,10.0.0.191,3132,"346939,53236,4,EM,1,100,RS,RE,PS,MN
346911,53237,2,PI,1,100,6397,6388
346911,53238,2,PR,1,100,7282,7284
346911,53239,2,PG,1,100,1038,1052
346897,53240,1,EA,1,100,0.030304
346897,53241,1,EL,1,100,26439.199219
346890,53242,1,T1,1,100,32.049
346905,53243,1,TH,1,100,30.119
346911,53244,2,AX,1,100,0.094,0.096
346911,53245,2,AY,1,100,-0.011,-0.013
346911,53246,2,AZ,1,100,1.026,1.027
346911,53247,2,GX,1,100,0.458,0.458
346911,53248,2,GY,1,100,0.671,0.702
346911,53249,2,GZ,1,100,0.336,0.305
"
2025-10-24T08:54:40.625Z,1761296080625,10.0.0.191,3132,"346911,53250,2,MX,1,100,-9,-9
346911,53251,2,MY,1,100,-18,-17
346911,53252,2,MZ,1,100,116,116
"
2025-10-24T08:54:40.808Z,1761296080808,10.0.0.191,3132,"347031,53253,3,PI,1,100,6389,6385,6395
347031,53254,3,PR,1,100,7284,7283,7274
347031,53255,3,PG,1,100,1044,1038,1049
347030,53256,2,EA,1,100,0.030304,0.030304
347030,53257,2,EL,1,100,26439.000000,26439.000000
347023,53258,1,T1,1,100,31.986
347038,53259,1,TH,1,100,30.126
347031,53260,3,AX,1,100,0.095,0.094,0.097
347031,53261,3,AY,1,100,-0.013,-0.012,-0.015
347031,53262,3,AZ,1,100,1.026,1.027,1.029
347031,53263,3,GX,1,100,0.427,0.488,0.458
347031,53264,3,GY,1,100,0.641,0.671,0.702
"
2025-10-24T08:54:40.809Z,1761296080809,10.0.0.191,3132,"347031,53265,3,GZ,1,100,0.305,0.336,0.336
347031,53266,3,MX,1,100,-9,-10,-9
347031,53267,3,MY,1,100,-18,-18,-18
347031,53268,3,MZ,1,100,117,115,116
"
2025-10-24T08:54:40.809Z,1761296080809,10.0.0.191,3132,"347140,53269,4,EM,1,100,RS,RE,PS,MN
"
2025-10-24T08:54:40.817Z,1761296080817,10.0.0.191,3132,"347140,53269,4,EM,1,100,RS,RE,PS,MN
347111,53270,2,PI,1,100,6378,6380
347111,53271,2,PR,1,100,7272,7286
347111,53272,2,PG,1,100,1041,1038
347097,53273,1,EA,1,100,0.030304
347097,53274,1,EL,1,100,26439.000000
347111,53275,2,AX,1,100,0.095,0.097
347111,53276,2,AY,1,100,-0.012,-0.012
347111,53277,2,AZ,1,100,1.028,1.026
347111,53278,2,GX,1,100,0.488,0.488
347111,53279,2,GY,1,100,0.732,0.671
347111,53280,2,GZ,1,100,0.336,0.305
347111,53281,2,MX,1,100,-9,-9
347111,53282,2,MY,1,100,-18,-16
"
2025-10-24T08:54:40.821Z,1761296080821,10.0.0.191,3132,"347111,53283,2,MZ,1,100,116,117
"
2025-10-24T08:54:40.926Z,1761296080926,10.0.0.191,3132,"347230,53284,1,SF,1,100,0.0000
347231,53285,3,PI,1,100,6390,6390,6384
347231,53286,3,PR,1,100,7283,7281,7274
347231,53287,3,PG,1,100,1035,1055,1042
347230,53288,2,EA,1,100,0.030304,0.030304
347230,53289,2,EL,1,100,26439.000000,26439.000000
347156,53290,1,T1,1,100,32.100
347171,53291,1,TH,1,100,30.156
347231,53292,3,AX,1,100,0.096,0.094,0.095
347231,53293,3,AY,1,100,-0.014,-0.010,-0.012
347231,53294,3,AZ,1,100,1.026,1.025,1.026
347231,53295,3,GX,1,100,0.458,0.488,0.458
"
2025-10-24T08:54:40.927Z,1761296080927,10.0.0.191,3132,"347231,53296,3,GY,1,100,0.641,0.641,0.702
347231,53297,3,GZ,1,100,0.305,0.336,0.366
347231,53298,3,MX,1,100,-9,-9,-9
347231,53299,3,MY,1,100,-17,-18,-19
347231,53300,3,MZ,1,100,116,116,117
"
